City_ID,City,Country,Date,Lat,Lng,Max Temp,Humidity,Cloudiness,Wind Speed
0,Albany,US,2022-04-15 23:00:17,42.6001,-73.9662,63.63,26,59,1.01
1,Kapaa,US,2022-04-15 23:00:48,22.0752,-159.319,78.48,70,96,5.01
2,Maragogi,BR,2022-04-15 22:58:26,-9.0122,-35.2225,79.97,81,22,10.6
3,College,US,2022-04-15 23:00:48,64.8569,-147.8028,37.29,34,46,4.0
4,Yellowknife,CA,2022-04-15 23:00:48,62.456,-114.3525,21.56,48,100,8.99
5,Axim,GH,2022-04-15 23:00:49,4.8699,-2.2405,80.01,84,59,7.63
6,Langenlois,AT,2022-04-15 23:00:49,48.4904,15.6521,48.15,69,55,9.01
7,Rikitea,PF,2022-04-15 23:00:49,-23.1203,-134.9692,77.56,72,1,16.49
8,Poum,NC,2022-04-15 23:00:50,-20.2333,164.0167,77.95,72,12,8.12
9,Umm Kaddadah,SD,2022-04-15 23:00:50,13.6017,26.6876,78.94,9,96,12.91
10,Arraial Do Cabo,BR,2022-04-15 23:00:51,-22.9661,-42.0278,73.69,61,0,22.53
11,Ushuaia,AR,2022-04-15 22:58:46,-54.8,-68.3,46.06,81,75,23.02
12,Kutum,SD,2022-04-15 23:00:51,14.2,24.6667,72.81,10,73,6.22
13,Rawson,AR,2022-04-15 23:00:52,-43.3002,-65.1023,70.86,34,9,14.81
14,Puerto Ayora,EC,2022-04-15 23:00:40,-0.7393,-90.3518,77.83,84,91,10.54
15,Puerto Del Rosario,ES,2022-04-15 23:00:52,28.5004,-13.8627,65.95,82,0,21.85
16,Kendari,ID,2022-04-15 23:00:52,-3.945,122.4989,77.34,91,95,2.66
17,Miri,MY,2022-04-15 23:00:53,4.4148,114.0089,75.97,92,66,4.5
18,Punta Arenas,CL,2022-04-15 23:00:53,-53.15,-70.9167,48.11,70,69,17.02
19,Port Alfred,ZA,2022-04-15 23:00:54,-33.5906,26.891,60.4,69,97,7.87
20,Venado Tuerto,AR,2022-04-15 23:00:03,-33.7456,-61.9688,61.77,44,0,8.66
21,Butaritari,KI,2022-04-15 23:00:54,3.0707,172.7902,81.16,74,67,9.19
22,Saint-Philippe,RE,2022-04-15 23:00:54,-21.3585,55.7679,73.22,87,50,14.61
23,Nagarote,NI,2022-04-15 23:00:55,12.2659,-86.5647,95.68,31,71,6.91
24,Dubbo,AU,2022-04-15 23:00:55,-32.25,148.6167,59.13,82,68,6.91
25,Mataura,NZ,2022-04-15 23:00:56,-46.1927,168.8643,55.47,56,64,13.06
26,Burnie,AU,2022-04-15 23:00:56,-41.0667,145.9167,59.7,90,97,10.58
27,Jamestown,US,2022-04-15 22:57:18,42.097,-79.2353,55.02,40,76,5.01
28,Hobart,AU,2022-04-15 23:00:06,-42.8794,147.3294,56.01,72,75,3.44
29,Nelson Bay,AU,2022-04-15 23:00:57,-32.7167,152.15,69.01,88,98,2.1
30,Kristiansund,NO,2022-04-15 23:00:57,63.1115,7.732,41.65,93,40,4.61
31,Tiksi,RU,2022-04-15 23:00:57,71.6872,128.8694,-1.53,100,100,3.76
32,Tuktoyaktuk,CA,2022-04-15 23:00:58,69.4541,-133.0374,1.44,87,88,2.55
33,Port Lincoln,AU,2022-04-15 23:00:58,-34.7333,135.8667,68.22,73,1,7.83
34,Solnechnyy,RU,2022-04-15 23:00:58,50.7214,136.6319,31.28,87,100,6.76
35,Vaini,TO,2022-04-15 23:00:59,-21.2,-175.2,80.49,70,90,15.19
36,Bluff,NZ,2022-04-15 23:00:59,-46.6,168.3333,55.8,63,35,37.07
37,Egvekinot,RU,2022-04-15 23:00:59,66.3167,-179.1667,17.49,85,86,16.17
38,Carnarvon,AU,2022-04-15 23:01:00,-24.8667,113.6333,79.21,56,50,9.37
39,Novikovo,RU,2022-04-15 23:01:00,51.1537,37.8879,48.16,70,97,6.96
40,Severo-Kurilsk,RU,2022-04-15 23:01:00,50.6789,156.125,31.75,81,66,1.77
41,Kaitangata,NZ,2022-04-15 23:01:01,-46.2817,169.8464,55.56,52,68,20.54
42,Igarka,RU,2022-04-15 23:01:01,67.4667,86.5833,19.02,96,100,6.69
43,Cayenne,GF,2022-04-15 23:01:02,4.9333,-52.3333,78.84,1,75,3.44
44,Mahebourg,MU,2022-04-15 23:01:02,-20.4081,57.7,76.24,82,49,19.95
45,Clovis,US,2022-04-15 23:01:03,36.8252,-119.7029,77.04,39,0,6.91
46,Esperance,AU,2022-04-15 23:01:03,-33.8667,121.9,61.47,78,51,10.11
47,Neuquen,AR,2022-04-15 23:00:26,-38.9516,-68.0591,68.68,22,0,6.29
48,New Norfolk,AU,2022-04-15 23:00:52,-42.7826,147.0587,55.92,65,96,2.66
49,Gorele,TR,2022-04-15 23:02:04,41.0308,39.0031,47.07,84,11,4.34
50,Hermanus,ZA,2022-04-15 23:02:05,-34.4187,19.2345,53.8,68,67,15.9
51,Port Elizabeth,ZA,2022-04-15 23:02:05,-33.918,25.5701,56.32,84,93,3.0
52,Avarua,CK,2022-04-15 23:02:06,-21.2078,-159.775,84.25,79,14,5.75
53,Sitka,US,2022-04-15 23:02:07,57.0531,-135.33,44.22,55,10,6.85
54,Bredasdorp,ZA,2022-04-15 23:02:07,-34.5322,20.0403,58.28,59,97,11.95
55,Hilo,US,2022-04-15 22:57:14,19.7297,-155.09,84.27,96,29,1.99
56,Nome,US,2022-04-15 23:02:08,64.5011,-165.4064,35.11,80,100,23.71
57,Cape Town,ZA,2022-04-15 23:02:08,-33.9258,18.4232,59.11,68,30,13.0
58,Atuona,PF,2022-04-15 23:02:09,-9.8,-139.0333,79.0,78,19,15.43
59,Mayor Pablo Lagerenza,PY,2022-04-15 23:02:09,-19.9309,-60.7718,69.6,35,0,5.77
60,Atbasar,KZ,2022-04-15 23:02:10,51.8,68.3333,53.44,49,93,9.08
61,Zarubino,RU,2022-04-15 23:02:10,42.63,131.0922,44.08,53,1,4.74
62,Uribia,CO,2022-04-15 23:00:22,11.7139,-72.266,84.72,57,49,23.53
63,Souillac,MU,2022-04-15 23:02:11,-20.5167,57.5167,76.14,84,50,18.3
64,Ippy,CF,2022-04-15 23:02:11,6.2679,21.2247,72.55,89,100,6.6
65,Maungaturoto,NZ,2022-04-15 23:02:11,-36.1,174.3667,71.67,63,99,1.72
66,Miraflores,MX,2022-04-15 23:02:12,19.2167,-98.8083,84.02,41,94,3.67
67,Macklin,CA,2022-04-15 23:02:12,52.3334,-109.9348,25.54,70,100,6.22
68,Busselton,AU,2022-04-15 23:02:13,-33.65,115.3333,59.45,90,22,5.91
69,Cherskiy,RU,2022-04-15 23:02:13,68.75,161.3,16.52,93,98,4.03
70,Norrtalje,SE,2022-04-15 23:02:13,59.758,18.705,35.02,81,14,5.91
71,Laguna,US,2022-04-15 23:01:06,38.421,-121.4238,73.76,41,0,12.66
72,Kodiak,US,2022-04-15 22:59:44,57.79,-152.4072,36.61,99,100,15.95
73,Semikarakorsk,RU,2022-04-15 23:02:14,47.5194,40.8112,46.63,94,30,7.83
74,Lashio,MM,2022-04-15 23:02:15,22.9333,97.75,67.69,71,50,0.94
75,Sola,VU,2022-04-15 23:02:15,-13.8833,167.55,81.73,71,98,4.05
76,Baherden,TM,2022-04-15 23:02:16,38.4362,57.4316,58.86,65,48,5.3
77,Camapua,BR,2022-04-15 23:02:16,-19.5314,-54.0439,69.4,74,0,7.05
78,Margate,GB,2022-04-15 23:02:17,51.3813,1.3862,51.31,89,54,1.01
79,Faya,SA,2022-04-15 23:02:17,18.3851,42.4509,64.81,40,88,4.85
80,Trairi,BR,2022-04-15 23:02:18,-3.2778,-39.2689,78.19,82,59,4.47
81,Krasnoselkup,RU,2022-04-15 23:02:18,65.7,82.4667,29.64,99,100,1.99
82,Sarkand,KZ,2022-04-15 23:02:19,45.41,79.9186,53.06,23,0,6.15
83,Boali,CF,2022-04-15 23:02:19,4.8005,18.1275,72.3,81,50,4.05
84,Avera,US,2022-04-15 23:02:20,33.194,-82.5271,75.25,54,19,5.68
85,Gushikawa,JP,2022-04-15 23:02:20,26.3544,127.8686,69.8,66,75,11.5
86,Pemba,MZ,2022-04-15 23:02:20,-12.974,40.5178,80.22,81,13,9.91
87,Maunabo,PR,2022-04-15 23:02:21,18.0072,-65.8993,79.7,79,20,13.22
88,Pevek,RU,2022-04-15 23:00:39,69.7008,170.3133,16.0,87,38,2.1
89,Saskylakh,RU,2022-04-15 23:02:21,71.9167,114.0833,-9.29,99,94,7.0
90,Hithadhoo,MV,2022-04-15 23:02:22,-0.6,73.0833,82.6,67,61,3.22
91,Iguape,BR,2022-04-15 23:02:07,-24.7081,-47.5553,65.79,68,0,7.65
92,Flinders,AU,2022-04-15 23:00:18,-34.5833,150.8552,68.05,88,96,5.01
93,Fairbanks,US,2022-04-15 23:02:45,64.8378,-147.7164,37.31,33,48,3.0
94,Moron,AR,2022-04-15 23:03:23,-34.6534,-58.6198,63.97,82,0,5.64
95,Wilmington,US,2022-04-15 22:59:57,34.2257,-77.9447,66.94,48,61,1.99
96,Jumla,NP,2022-04-15 23:03:23,29.2747,82.1838,43.97,50,1,5.64
97,Barrow,US,2022-04-15 23:01:16,71.2906,-156.7887,5.02,78,0,28.77
98,Maniitsoq,GL,2022-04-15 23:03:24,65.4167,-52.9,22.69,59,98,7.99
99,Te Anau,NZ,2022-04-15 23:03:24,-45.4167,167.7167,53.98,56,49,8.12
100,Dikson,RU,2022-04-15 23:01:00,73.5069,80.5464,15.15,96,100,10.13
101,Atar,MR,2022-04-15 23:03:25,20.5169,-13.0499,78.1,15,0,1.52
102,Baie-Comeau,CA,2022-04-15 23:03:25,49.2168,-68.1489,34.97,97,41,3.02
103,Fort Nelson,CA,2022-04-15 23:03:25,58.8053,-122.7002,35.47,67,87,4.9
104,San Bartolome De Tirajana,ES,2022-04-15 23:03:26,27.9248,-15.5733,57.67,83,20,26.46
105,Provideniya,RU,2022-04-15 23:03:26,64.3833,-173.3,32.81,94,100,28.34
106,Nikolskoye,RU,2022-04-15 23:00:51,59.7035,30.7861,38.71,81,96,13.27
107,Lebu,CL,2022-04-15 23:03:27,-37.6167,-73.65,54.23,87,23,12.44
108,Ola,RU,2022-04-15 23:03:27,59.5833,151.2833,22.84,70,100,7.16
109,San Vicente,AR,2022-04-15 23:03:27,-26.6167,-54.1333,51.48,84,0,3.47
110,Vigrestad,NO,2022-04-15 23:03:28,58.5667,5.7,37.81,79,63,5.55
111,Flin Flon,CA,2022-04-15 23:03:28,54.7682,-101.865,27.72,60,100,9.33
112,Nautla,MX,2022-04-15 23:03:28,20.2167,-96.7833,82.47,74,83,13.33
113,East London,ZA,2022-04-15 22:58:54,-33.0153,27.9116,61.7,64,100,10.07
114,Rabo De Peixe,PT,2022-04-15 23:03:30,37.8,-25.5833,62.11,88,75,9.22
115,Tornio,FI,2022-04-15 23:03:30,65.8481,24.1466,23.02,91,66,3.04
116,Vilhena,BR,2022-04-15 23:03:30,-12.7406,-60.1458,70.09,93,77,2.51
117,Geraldton,AU,2022-04-15 23:01:35,-28.7667,114.6,57.61,94,2,0.0
118,Le Vauclin,MQ,2022-04-15 23:03:31,14.5452,-60.8388,80.65,74,75,12.66
119,Dauriya,RU,2022-04-15 23:03:31,49.9333,116.8667,35.6,66,98,5.61
120,Salalah,OM,2022-04-15 23:03:31,17.0151,54.0924,78.89,83,20,2.3
121,Maldaresti,RO,2022-04-15 23:03:32,45.1167,24.0,51.66,71,67,3.56
122,Pangnirtung,CA,2022-04-15 23:03:32,66.1451,-65.7125,-1.05,93,20,4.23
123,Baruun-Urt,MN,2022-04-15 23:01:10,46.6806,113.2792,35.31,42,1,8.01
124,Altay,CN,2022-04-15 23:03:33,47.8667,88.1167,34.63,32,0,8.41
125,Sambava,MG,2022-04-15 23:02:34,-14.2667,50.1667,76.77,88,90,10.09
126,Badarwas,IN,2022-04-15 23:03:33,24.9667,77.5667,81.25,24,0,11.68
127,Birao,CF,2022-04-15 23:03:33,10.2849,22.7882,82.13,13,66,6.15
128,Sur,OM,2022-04-15 23:00:20,22.5667,59.5289,88.47,33,15,12.97
129,Aklavik,CA,2022-04-15 23:03:34,68.2191,-135.0107,7.18,76,97,5.79
130,Craig,US,2022-04-15 23:03:34,40.5153,-107.5464,52.39,46,20,14.97
131,Champerico,GT,2022-04-15 23:03:34,14.3,-91.9167,90.14,64,47,10.69
132,Santa Maria,BR,2022-04-15 23:00:27,-29.6842,-53.8069,57.99,77,35,3.18
133,Goderich,CA,2022-04-15 23:02:00,43.7501,-81.7165,46.9,61,100,25.59
134,Bethel,US,2022-04-15 23:02:35,41.3712,-73.414,62.64,33,0,14.97
135,Saryg-Sep,RU,2022-04-15 23:04:35,51.5,95.6,31.19,63,46,2.89
136,Faanui,PF,2022-04-15 23:04:35,-16.4833,-151.75,82.2,70,8,18.21
137,Jieznas,LT,2022-04-15 23:04:36,54.6,24.1667,36.99,79,100,14.09
138,Rusape,ZW,2022-04-15 23:04:36,-18.5278,32.1284,62.37,88,50,3.11
139,Chany,RU,2022-04-15 23:04:36,55.3121,76.7647,45.91,54,47,10.33
140,Ostrovnoy,RU,2022-04-15 23:04:37,68.0531,39.5131,20.43,91,60,7.38
141,Lichtenburg,ZA,2022-04-15 23:04:37,-26.152,26.1597,58.19,85,100,8.01
142,Aksu,CN,2022-04-15 23:04:37,41.1231,80.2644,59.34,15,85,8.88
143,Necochea,AR,2022-04-15 23:04:38,-38.5473,-58.7368,57.85,66,0,9.28
144,Cabo San Lucas,MX,2022-04-15 23:04:38,22.8909,-109.9124,86.61,26,20,9.22
145,Harper,LR,2022-04-15 23:04:38,4.375,-7.7169,79.93,86,100,7.0
146,Chokurdakh,RU,2022-04-15 23:04:39,70.6333,147.9167,10.63,91,100,5.53
147,Port Hedland,AU,2022-04-15 23:04:39,-20.3167,118.5667,78.85,83,12,0.0
148,Naze,JP,2022-04-15 23:04:39,28.3667,129.4833,64.31,63,87,20.54
149,Virginia Beach,US,2022-04-15 23:03:46,36.8529,-75.978,64.06,35,40,10.36
150,Agadir,MA,2022-04-15 23:04:40,30.4202,-9.5982,61.25,43,41,5.93
151,Srednekolymsk,RU,2022-04-15 23:04:40,67.45,153.6833,14.63,87,95,4.79
152,Mollendo,PE,2022-04-15 23:04:40,-17.0231,-72.0147,66.69,82,86,9.19
153,Hofn,IS,2022-04-15 23:03:14,64.2539,-15.2082,45.23,92,68,3.22
154,Ambilobe,MG,2022-04-15 23:04:41,-13.2,49.05,74.7,82,65,4.32
155,Mbini,GQ,2022-04-15 23:04:41,1.574,9.6134,79.45,84,92,5.12
156,Saint Anthony,US,2022-04-15 23:04:41,45.0205,-93.218,33.35,56,100,17.27
157,Codrington,AU,2022-04-15 23:04:42,-38.2667,141.9667,63.23,79,36,4.23
158,Thompson,CA,2022-04-15 23:04:25,55.7435,-97.8558,24.55,71,100,10.71
159,Sao Filipe,CV,2022-04-15 23:04:42,14.8961,-24.4956,71.06,78,4,8.79
160,Constitucion,CL,2022-04-15 23:04:42,-35.3333,-72.4167,52.43,89,1,8.52
161,Shache,CN,2022-04-15 23:04:43,38.4167,77.2406,60.42,26,10,6.38
162,Cidreira,BR,2022-04-15 23:04:43,-30.1811,-50.2056,64.27,65,50,6.62
163,Paamiut,GL,2022-04-15 23:04:43,61.994,-49.6678,24.17,78,42,14.2
164,Zyryanka,RU,2022-04-15 23:02:58,65.75,150.85,12.92,81,98,2.04
165,Caravelas,BR,2022-04-15 23:04:44,-17.7125,-39.2481,74.88,84,100,15.46
166,Atambua,ID,2022-04-15 23:04:44,-9.1061,124.8925,75.87,83,100,2.06
167,Bambous Virieux,MU,2022-04-15 23:04:44,-20.3428,57.7575,76.21,82,51,19.48
168,Iberia,US,2022-04-15 23:01:30,29.9502,-91.7507,79.05,73,100,17.27
169,Chapais,CA,2022-04-15 23:04:45,49.7834,-74.8492,33.58,83,100,3.04
170,Aktash,RU,2022-04-15 23:04:45,50.3,87.7333,17.71,62,5,3.4
171,Manyana,BW,2022-04-15 23:00:46,-23.4,21.7167,65.3,45,6,11.01
172,Bengkulu,ID,2022-04-15 23:04:46,-3.8004,102.2655,76.08,89,100,4.27
173,Castro,BR,2022-04-15 23:01:14,-24.7911,-50.0119,52.09,61,0,2.37
174,Topchikha,RU,2022-04-15 23:04:46,52.8192,83.1185,44.49,52,0,4.34
175,Manokwari,ID,2022-04-15 23:04:46,-0.8667,134.0833,81.48,70,99,0.72
176,Port Macquarie,AU,2022-04-15 23:04:47,-31.4333,152.9167,68.9,69,73,5.46
177,Belmonte,BR,2022-04-15 23:03:40,-15.8631,-38.8828,77.79,90,75,11.48
178,Ajka,HU,2022-04-15 23:04:47,47.102,17.5589,51.53,76,29,15.64
179,Saint George,US,2022-04-15 23:01:19,37.1041,-113.5841,78.64,14,0,11.5
180,Tiquicheo,MX,2022-04-15 23:04:47,18.8833,-100.7333,102.56,13,99,5.35
181,Georgetown,MY,2022-04-15 23:03:07,5.4112,100.3354,78.73,89,20,2.3
182,Komsomolskiy,UZ,2022-04-15 23:05:48,40.4272,71.7189,66.78,27,1,1.79
183,Rusne,LT,2022-04-15 23:05:48,55.2964,21.3758,36.01,81,57,12.86
184,Praia,CV,2022-04-15 23:03:09,14.9215,-23.5087,70.34,68,75,11.5
185,Airai,TL,2022-04-15 23:02:46,-8.9266,125.4092,64.08,85,100,1.28
186,Progreso,MX,2022-04-15 23:05:49,21.2833,-89.6667,91.51,75,39,19.24
187,Rocha,UY,2022-04-15 23:05:49,-34.4833,-54.3333,59.76,86,80,3.96
188,Strezhevoy,RU,2022-04-15 23:05:50,60.7333,77.5889,39.42,88,100,9.53
189,Palmer,US,2022-04-15 23:05:50,42.1584,-72.3287,63.77,21,20,12.66
190,Huangzhai,CN,2022-04-15 23:05:50,38.0751,112.6595,36.01,34,100,2.21
191,Porto Empedocle,IT,2022-04-15 23:05:51,37.2934,13.5264,53.31,61,100,17.65
192,Lazaro Cardenas,MX,2022-04-15 23:04:38,17.9583,-102.2,82.63,53,89,10.65
193,Thiruvananthapuram,IN,2022-04-15 23:05:51,8.4833,76.9167,82.38,78,40,2.3
194,Abnub,EG,2022-04-15 23:05:51,27.2696,31.1511,71.67,21,0,5.12
195,Broken Hill,AU,2022-04-15 23:05:52,-31.95,141.4333,70.84,33,0,7.47
196,Hainichen,DE,2022-04-15 23:05:52,50.9667,13.1167,43.29,90,92,9.1
197,Torbay,CA,2022-04-15 23:01:49,47.6666,-52.7314,35.53,77,26,10.78
198,Merauke,ID,2022-04-15 23:05:52,-8.4667,140.3333,79.81,87,100,12.73
199,Padang,ID,2022-04-15 23:05:53,-0.9492,100.3543,78.33,82,100,2.13
200,Roma,US,2022-04-15 23:05:53,43.2128,-75.4557,58.73,50,20,3.44
201,Ucluelet,CA,2022-04-15 23:05:53,48.9329,-125.5528,50.09,75,44,4.0
202,Tuatapere,NZ,2022-04-15 23:05:54,-46.1333,167.6833,54.57,57,43,17.94
203,Hailar,CN,2022-04-15 23:05:54,49.2,119.7,36.66,42,45,13.62
204,Coquimbo,CL,2022-04-15 23:04:55,-29.9533,-71.3436,56.93,76,20,8.05
205,Klaksvik,FO,2022-04-15 23:05:54,62.2266,-6.589,47.32,98,100,13.69
206,Boa Vista,BR,2022-04-15 23:05:55,2.8197,-60.6733,78.78,83,75,2.3
207,Chuy,UY,2022-04-15 23:05:55,-33.6971,-53.4616,62.65,72,68,7.45
208,Marawi,PH,2022-04-15 23:03:27,7.9986,124.2928,71.4,86,46,0.98
209,Victoria,HK,2022-04-15 23:05:03,22.2855,114.1577,72.32,78,98,20.0
210,Adrar,MR,2022-04-15 23:05:55,20.5022,-10.0711,81.86,12,13,6.71
211,Sakakah,SA,2022-04-15 23:05:56,29.9697,40.2064,66.87,20,21,8.59
212,Talnakh,RU,2022-04-15 23:05:56,69.4865,88.3972,23.52,93,93,9.31
213,Tilichiki,RU,2022-04-15 23:01:03,60.4667,166.1,24.6,83,85,6.06
214,Guarapari,BR,2022-04-15 23:05:45,-20.6667,-40.4975,72.9,63,93,16.4
215,Camacha,PT,2022-04-15 23:05:57,33.0833,-16.3333,58.42,88,40,11.5
216,Mpwapwa,TZ,2022-04-15 23:05:57,-6.35,36.4833,65.32,99,93,2.86
217,Marzuq,YE,2022-04-15 23:01:57,14.4,46.4667,69.04,32,2,6.26
218,Batagay-Alyta,RU,2022-04-15 23:05:57,67.8006,130.4114,6.69,88,21,3.27
219,Omsukchan,RU,2022-04-15 23:05:58,62.5333,155.8,13.98,90,99,5.7
220,Iqaluit,CA,2022-04-15 23:05:58,63.7506,-68.5145,1.72,86,2,7.31
221,Sao Joao Da Barra,BR,2022-04-15 23:05:58,-21.6403,-41.0511,72.59,63,94,19.57
222,Takoradi,GH,2022-04-15 23:05:59,4.8845,-1.7554,80.26,83,53,8.66
223,Ampanihy,MG,2022-04-15 23:05:59,-24.7,44.75,74.89,76,54,2.77
224,Twentynine Palms,US,2022-04-15 23:02:30,34.1356,-116.0542,82.06,14,63,6.11
225,Salinopolis,BR,2022-04-15 23:05:59,-0.6136,-47.3561,78.69,85,100,8.99
226,Sao Gabriel Da Cachoeira,BR,2022-04-15 23:07:00,-0.1303,-67.0892,73.31,98,98,1.59
227,Ilulissat,GL,2022-04-15 23:07:00,69.2167,-51.1,-5.1,92,24,5.93
228,Qaanaaq,GL,2022-04-15 23:07:00,77.484,-69.3632,-3.89,93,100,6.42
229,Leningradskiy,RU,2022-04-15 23:07:01,69.3833,178.4167,12.67,88,100,10.07
230,Liverpool,GB,2022-04-15 23:05:55,53.4106,-2.9779,53.62,88,0,4.61
231,Portland,US,2022-04-15 23:05:18,45.5234,-122.6762,56.84,46,40,4.61
232,Tursunzoda,TJ,2022-04-15 23:07:01,38.5144,68.2333,65.1,36,2,6.87
233,Bom Jesus Da Lapa,BR,2022-04-15 23:07:02,-13.255,-43.4181,75.9,81,100,6.29
234,Asosa,ET,2022-04-15 23:07:02,10.0667,34.5333,64.26,72,100,3.44
235,Balikpapan,ID,2022-04-15 23:07:02,-1.2675,116.8289,77.99,94,40,2.3
236,Saint-Georges,GD,2022-04-15 23:07:02,12.0564,-61.7485,78.91,75,80,16.44
237,Linxia,CN,2022-04-15 23:07:03,35.6003,103.2064,38.79,78,100,2.77
238,Superior,US,2022-04-15 23:03:21,46.7208,-92.1041,30.29,54,100,18.41
239,Narsaq,GL,2022-04-15 23:07:03,60.9167,-46.05,30.42,76,64,3.24
240,Byron Bay,AU,2022-04-15 23:07:04,-28.65,153.6167,66.94,73,83,8.59
241,Yenagoa,NG,2022-04-15 23:07:04,4.9247,6.2642,79.02,87,97,3.24
242,Wicklow,IE,2022-04-15 23:07:04,53.0,-6.4167,49.08,95,41,3.6
243,Sheridan,US,2022-04-15 23:07:04,44.8333,-106.9173,25.92,60,100,1.99
244,Farmington,US,2022-04-15 23:07:05,36.7281,-108.2187,71.78,14,0,9.22
245,Tasiilaq,GL,2022-04-15 23:03:14,65.6145,-37.6368,33.96,99,100,8.97
246,Vanimo,PG,2022-04-15 23:07:05,-2.6741,141.3028,81.79,78,54,4.79
247,Nigde,TR,2022-04-15 23:07:06,37.8333,34.75,40.12,68,5,2.8
248,Ribeira Grande,PT,2022-04-15 23:07:06,38.5167,-28.7,60.19,69,100,10.78
249,Oxford,GB,2022-04-15 23:06:10,51.7522,-1.256,54.23,83,6,5.75
250,Puerto Escondido,MX,2022-04-15 23:07:06,15.85,-97.0667,86.83,70,40,9.22
251,Ponta Do Sol,PT,2022-04-15 23:02:38,32.6667,-17.1,66.0,66,100,2.95
252,Saldanha,ZA,2022-04-15 23:07:07,-33.0117,17.9442,56.3,61,10,17.56
253,Penalva,BR,2022-04-15 23:07:07,-3.2942,-45.1736,75.0,98,70,3.49
254,Mar Del Plata,AR,2022-04-15 23:07:07,-38.0023,-57.5575,61.88,86,0,21.99
255,Yarim,YE,2022-04-15 23:07:08,14.298,44.3779,56.48,46,4,1.41
256,Ketchikan,US,2022-04-15 23:07:08,55.3422,-131.6461,50.47,29,0,10.36
257,Gacko,BA,2022-04-15 23:07:08,43.1672,18.5353,49.17,91,27,6.08
258,Teguldet,RU,2022-04-15 23:07:09,57.3064,88.1667,31.14,99,94,2.86
259,Borovoy,RU,2022-04-15 23:07:09,55.4333,86.0833,42.08,42,0,4.47
260,Voh,NC,2022-04-15 23:07:09,-20.9667,164.7,78.8,72,11,5.1
261,Camopi,GF,2022-04-15 23:07:10,3.1655,-52.3158,73.72,92,100,3.65
262,Choix,MX,2022-04-15 23:07:10,26.7092,-108.3219,94.53,9,99,10.42
263,Longyearbyen,SJ,2022-04-15 23:07:10,78.2186,15.6401,28.24,93,75,11.5
264,Nouadhibou,MR,2022-04-15 23:07:11,20.931,-17.0347,63.55,91,0,17.67
265,Lata,PT,2022-04-15 23:07:11,40.1629,-8.3327,59.92,87,100,1.23
266,Pamplona,ES,2022-04-15 23:07:11,42.8169,-1.6432,55.31,71,0,5.75
267,Meulaboh,ID,2022-04-15 23:07:12,4.1363,96.1285,76.82,88,75,3.38
268,Beringovskiy,RU,2022-04-15 23:07:12,63.05,179.3167,31.91,98,100,20.2
269,Port Blair,IN,2022-04-15 23:07:12,11.6667,92.75,80.71,75,1,2.55
270,West Wendover,US,2022-04-15 23:07:13,40.7391,-114.0733,56.41,30,40,12.66
271,Nagato,JP,2022-04-15 23:07:13,34.3833,131.2,51.21,63,77,19.8
272,Osmena,PH,2022-04-15 23:07:13,10.5208,119.9258,80.55,79,40,5.73
273,Kudat,MY,2022-04-15 23:08:14,6.8837,116.8477,78.42,82,79,3.74
274,Lhokseumawe,ID,2022-04-15 23:08:14,5.1801,97.1507,79.43,83,100,5.57
275,Kimbe,PG,2022-04-15 23:08:14,-5.5502,150.1429,83.91,73,67,0.72
276,Amapa,BR,2022-04-15 23:08:15,1.0,-52.0,73.02,98,100,2.53
277,Gunjur,GM,2022-04-15 23:08:15,13.2019,-16.7339,68.7,84,6,14.45
278,Qasigiannguit,GL,2022-04-15 23:08:15,68.8193,-51.1922,-4.86,91,7,5.35
279,Davila,PH,2022-04-15 23:08:16,18.4726,120.5763,78.87,76,88,18.05
280,Mount Gambier,AU,2022-04-15 23:08:16,-37.8333,140.7667,58.91,100,100,6.91
281,Vilcun,CL,2022-04-15 23:08:16,-38.65,-72.2333,50.74,81,19,2.75
282,Meiganga,CM,2022-04-15 23:08:16,6.5167,14.3,69.67,82,94,2.84
283,Walvis Bay,NA,2022-04-15 23:08:17,-22.9575,14.5053,57.09,80,0,8.68
284,Atengo,MX,2022-04-15 23:08:17,20.1667,-99.3333,81.64,28,97,19.51
285,Limbang,MY,2022-04-15 23:08:17,4.75,115.0,78.91,96,70,0.96
286,Nanortalik,GL,2022-04-15 23:08:18,60.1432,-45.2371,26.42,76,82,8.86
287,Muravlenko,RU,2022-04-15 23:08:18,63.7898,74.523,32.7,99,100,6.64
288,Nurota,UZ,2022-04-15 23:08:18,40.5614,65.6886,67.66,28,83,3.18
289,Damaturu,NG,2022-04-15 23:08:19,11.747,11.9608,89.33,32,100,10.96
290,Kichera,RU,2022-04-15 23:08:19,55.9375,110.0997,31.26,89,97,4.18
291,Aktau,KZ,2022-04-15 23:08:19,43.65,51.2,45.18,73,54,11.16
292,Road Town,VG,2022-04-15 23:08:20,18.4167,-64.6167,78.89,73,20,10.36
293,Tiarei,PF,2022-04-15 23:08:20,-17.5333,-149.3333,87.82,71,6,17.76
294,Pierre,US,2022-04-15 23:08:20,44.3683,-100.351,36.86,41,40,20.71
295,Inta,RU,2022-04-15 23:08:21,66.0317,60.1659,19.58,94,100,6.98
296,Lompoc,US,2022-04-15 23:03:47,34.6391,-120.4579,72.79,72,75,24.0
297,Mahajanga,MG,2022-04-15 23:08:21,-15.7167,46.3167,73.42,83,20,2.3
298,Leninsk,RU,2022-04-15 23:08:21,48.7119,45.1994,46.56,76,42,3.49
299,Fernie,CA,2022-04-15 23:08:22,49.5,-115.0687,33.89,40,98,4.36
300,Linhares,BR,2022-04-15 23:08:22,-19.3911,-40.0722,72.75,67,99,12.39
301,Nantong,CN,2022-04-15 23:08:22,32.0303,120.8747,50.7,66,95,6.42
302,Valdivia,CL,2022-04-15 23:08:23,-39.8142,-73.2459,55.49,95,25,1.86
303,Beloha,MG,2022-04-15 23:07:22,-25.1667,45.05,76.8,70,83,5.41
304,Itoman,JP,2022-04-15 23:08:23,26.1247,127.6694,70.57,65,40,19.57
305,Sfantu Gheorghe,RO,2022-04-15 23:08:23,45.8667,25.7833,55.27,71,100,1.86
306,Khipro,PK,2022-04-15 23:08:24,25.8285,69.3772,83.17,34,0,14.29
307,Huntingdon,GB,2022-04-15 23:08:24,52.3305,-0.1865,52.79,82,72,4.0
308,Nishihara,JP,2022-04-15 23:05:07,26.1842,127.7558,69.85,66,75,19.57
309,Khatanga,RU,2022-04-15 23:08:25,71.9667,102.5,18.81,85,100,11.16
310,Santa Cruz,BO,2022-04-15 23:04:04,-17.8,-63.1667,75.25,46,2,3.44
311,Chimoio,MZ,2022-04-15 23:08:25,-19.1164,33.4833,67.39,99,15,0.31
312,Yulara,AU,2022-04-15 23:05:44,-25.2406,130.9889,76.84,33,35,6.91
313,Phangnga,TH,2022-04-15 23:08:25,8.4509,98.5298,78.84,90,34,2.95
314,Pedasi,PA,2022-04-15 23:08:26,7.5333,-80.0333,82.06,74,60,10.4
315,Berlevag,NO,2022-04-15 23:08:26,70.8578,29.0864,37.2,97,100,26.31
316,Port Hardy,CA,2022-04-15 23:08:26,50.6996,-127.4199,44.96,55,64,4.72
317,Tuburan,PH,2022-04-15 23:08:27,6.6439,122.2736,80.67,77,99,2.1
318,Saint-Augustin,CA,2022-04-15 23:08:27,51.226,-58.6502,31.15,94,100,5.82
319,Khrebtovaya,RU,2022-04-15 23:09:27,56.7032,104.2494,28.18,96,91,2.57
320,Morant Bay,JM,2022-04-15 23:09:28,17.8815,-76.4093,83.71,76,1,11.41
321,Khash,IR,2022-04-15 23:09:28,28.2211,61.2158,72.43,23,95,3.78
322,Abu Samrah,SY,2022-04-15 23:09:28,35.3029,37.1841,55.42,49,0,6.04
323,Santa Rosalia,MX,2022-04-15 23:09:29,27.3167,-112.2833,78.42,28,94,0.85
324,Tekeli,KZ,2022-04-15 23:09:29,44.83,78.8239,47.03,32,0,10.74
325,Yelets,RU,2022-04-15 23:09:29,52.6237,38.5017,48.16,68,100,6.55
326,Kopeysk,RU,2022-04-15 23:09:30,55.131,61.6792,50.25,68,8,16.2
327,Ossora,RU,2022-04-15 23:05:41,59.2353,163.0719,27.14,71,49,4.34
328,Clyde River,CA,2022-04-15 23:09:30,70.4692,-68.5914,-13.13,94,27,5.12
329,Kurchum,KZ,2022-04-15 23:09:30,48.5722,83.6542,40.1,38,0,4.97
330,High Level,CA,2022-04-15 23:09:31,58.5169,-117.136,29.93,73,100,4.38
331,Tieling,CN,2022-04-15 23:09:31,42.2931,123.8414,48.07,36,0,8.72
332,Taoudenni,ML,2022-04-15 23:09:31,22.6783,-3.9836,78.55,18,0,11.97
333,Ballina,AU,2022-04-15 23:09:31,-28.8667,153.5667,69.98,90,85,8.39
334,Port Keats,AU,2022-04-15 23:09:32,-14.25,129.55,82.45,71,75,4.07
335,Lagoa,PT,2022-04-15 23:09:32,39.05,-27.9833,58.73,73,100,12.8
336,Jalingo,NG,2022-04-15 23:08:12,8.8833,11.3667,86.36,51,100,3.27
337,Shu,KZ,2022-04-15 23:09:33,43.5983,73.7614,56.28,57,3,5.68
338,Riachao Do Jacuipe,BR,2022-04-15 23:09:33,-11.8069,-39.3856,83.16,59,59,6.85
339,Porto Novo,BJ,2022-04-15 23:09:33,6.4965,2.6036,81.41,82,55,6.8
340,Nadym,RU,2022-04-15 23:09:34,65.5333,72.5167,25.92,95,100,10.45
341,Mildura,AU,2022-04-15 23:05:45,-34.2,142.15,69.08,57,1,4.63
342,Warrnambool,AU,2022-04-15 23:09:34,-38.3833,142.4833,62.82,85,59,4.27
343,Henties Bay,NA,2022-04-15 23:09:34,-22.116,14.2845,59.16,85,0,9.42
344,Manggar,ID,2022-04-15 23:09:35,-2.8833,108.2667,79.12,80,100,3.02
345,Staryy Oskol,RU,2022-04-15 23:09:35,51.2967,37.8417,48.06,68,97,6.93
346,Pemangkat,ID,2022-04-15 23:09:35,1.1667,108.9667,77.27,89,86,4.92
347,Vostok,RU,2022-04-15 23:09:36,46.4856,135.8833,38.5,59,91,5.08
348,La Ronge,CA,2022-04-15 23:08:32,55.1001,-105.2842,27.97,55,100,4.63
349,Hrebinka,UA,2022-04-15 23:09:17,50.1171,32.4361,49.64,70,100,8.86
350,Dano,BF,2022-04-15 23:09:36,11.15,-3.0667,90.36,39,100,10.09
351,Aranda De Duero,ES,2022-04-15 23:09:37,41.6704,-3.6892,52.72,78,0,3.06
352,Lorengau,PG,2022-04-15 23:09:37,-2.0226,147.2712,84.36,70,53,4.63
353,Noratus,AM,2022-04-15 23:09:37,40.3755,45.1772,34.86,76,47,5.3
354,Sao Felix Do Xingu,BR,2022-04-15 23:09:37,-6.6447,-51.995,73.33,96,99,1.07
355,Kruisfontein,ZA,2022-04-15 23:09:38,-34.0033,24.7314,53.89,76,100,6.11
356,Yar-Sale,RU,2022-04-15 23:09:38,66.8333,70.8333,17.24,87,100,8.32
357,Malartic,CA,2022-04-15 23:09:38,48.1335,-78.1328,32.11,72,100,10.07
358,Vicosa Do Ceara,BR,2022-04-15 23:09:39,-3.5622,-41.0922,68.27,98,49,3.2
359,Kununurra,AU,2022-04-15 23:09:39,-15.7667,128.7333,78.78,89,25,0.0
360,Thunder Bay,CA,2022-04-15 23:09:39,48.4001,-89.3168,28.29,69,100,7.0
361,Ittiri,IT,2022-04-15 23:09:40,40.5929,8.5684,47.3,39,43,1.68
362,Ascension,US,2022-04-15 23:09:40,30.2169,-90.9001,80.08,80,100,9.22
363,Namibe,AO,2022-04-15 23:09:40,-15.1961,12.1522,71.42,76,62,3.6
364,San Juan,AR,2022-04-15 23:06:04,-31.5375,-68.5364,71.37,36,37,9.51
365,Muncie,US,2022-04-15 23:06:44,40.1934,-85.3864,66.13,22,100,26.46
366,Oudtshoorn,ZA,2022-04-15 23:10:41,-33.5907,22.2014,51.48,76,36,1.72
367,Cabra,ES,2022-04-15 23:06:29,37.4725,-4.4421,58.73,67,15,3.47
368,Deputatskiy,RU,2022-04-15 23:10:41,69.3,139.9,8.1,75,100,2.13
369,Islamkot,PK,2022-04-15 23:10:42,24.6997,70.177,75.81,70,0,13.76
370,San Carlos De Bariloche,AR,2022-04-15 23:10:26,-41.1456,-71.3082,55.15,58,0,11.5
371,Yerbogachen,RU,2022-04-15 23:10:42,61.2767,108.0108,20.53,87,100,2.42
372,Olinda,BR,2022-04-15 23:10:42,-8.0089,-34.8553,83.93,74,20,6.91
373,Poya,NC,2022-04-15 23:10:43,-21.35,165.15,78.55,70,26,6.2
374,Asyut,EG,2022-04-15 23:10:43,27.181,31.1837,71.8,21,0,4.83
375,Fonte Boa,BR,2022-04-15 23:10:43,-2.4959,-66.2662,74.86,97,98,2.17
376,Marrakesh,MA,2022-04-15 23:07:15,31.6315,-8.0083,71.67,37,0,6.91
377,Toma,BF,2022-04-15 23:10:44,12.7667,-2.8833,92.39,26,98,7.0
378,Pacific Grove,US,2022-04-15 23:10:44,36.6177,-121.9166,66.54,69,0,13.8
379,Ilesha,NG,2022-04-15 23:10:44,7.1371,5.2583,74.26,95,49,2.44
380,Izhma,RU,2022-04-15 23:10:44,65.0083,53.9113,24.04,89,100,9.19
381,Olkhovka,RU,2022-04-15 23:10:45,53.2115,60.6069,45.54,72,10,17.87
382,Fortuna,US,2022-04-15 23:10:45,40.5982,-124.1573,50.94,60,40,5.75
383,Emilio Carranza,MX,2022-04-15 23:10:45,19.9711,-96.6114,82.98,73,83,10.0
384,Trinidad,BO,2022-04-15 23:08:35,-14.8333,-64.9,78.78,57,78,4.61
385,Riyadh,SA,2022-04-15 23:10:25,24.6877,46.7219,78.94,28,96,7.96
386,Pimentel,PE,2022-04-15 23:10:46,-6.8367,-79.9342,66.49,77,20,23.02
387,Katsuura,JP,2022-04-15 23:10:46,35.1333,140.3,50.92,84,100,25.08
388,Nisia Floresta,BR,2022-04-15 23:10:46,-6.0911,-35.2086,83.21,83,25,7.58
389,Itaituba,BR,2022-04-15 23:10:47,-4.2761,-55.9836,75.09,98,100,1.66
390,Bilibino,RU,2022-04-15 23:10:47,68.0546,166.4372,25.52,78,97,2.39
391,Mkokotoni,TZ,2022-04-15 23:10:47,-5.8767,39.2547,78.21,90,96,9.17
392,Lokosovo,RU,2022-04-15 23:10:48,61.1333,74.8167,42.6,81,100,11.05
393,Barranca,PE,2022-04-15 23:10:48,-10.75,-77.7667,67.1,82,49,10.98
394,Sorland,NO,2022-04-15 23:10:48,67.667,12.6934,40.66,79,99,22.59
395,Cabadiangan,PH,2022-04-15 23:10:49,9.7531,122.4739,79.88,78,33,2.19
396,Nieuw Amsterdam,SR,2022-04-15 23:10:49,5.8833,-55.0833,79.14,85,40,5.75
397,Amnat Charoen,TH,2022-04-15 23:10:49,15.9167,104.75,79.18,69,23,6.82
398,Hong Gai,VN,2022-04-15 23:10:50,20.956,107.0946,78.71,98,91,5.53
399,Thinadhoo,MV,2022-04-15 23:10:50,0.5333,72.9333,82.76,68,28,4.45
400,Kedrovyy,RU,2022-04-15 23:10:50,56.1667,91.8167,32.41,92,80,4.21
401,Belen,TR,2022-04-15 23:10:51,36.4891,36.2233,48.34,67,0,6.91
402,Chitral,PK,2022-04-15 23:10:51,35.8462,71.7858,56.52,43,0,6.22
403,Samarai,PG,2022-04-15 23:10:51,-10.6167,150.6667,83.44,71,98,8.1
404,Hervey Bay,AU,2022-04-15 23:10:52,-25.2986,152.8535,71.46,64,3,14.83
405,Pingliang,CN,2022-04-15 23:10:52,35.5392,106.6861,37.49,95,100,6.17
406,Rehoboth,NA,2022-04-15 23:10:52,-23.3167,17.0833,61.25,52,23,2.53
407,Banda Aceh,ID,2022-04-15 23:10:53,5.5577,95.3222,80.11,79,95,2.91
408,Opuwo,NA,2022-04-15 23:10:53,-18.0607,13.84,68.59,49,49,4.41
409,Arlit,NE,2022-04-15 23:10:53,18.7369,7.3853,82.94,10,7,10.69
410,Guerrero Negro,MX,2022-04-15 23:10:53,27.9769,-114.0611,65.48,57,97,17.96
411,Miles City,US,2022-04-15 23:06:24,46.4083,-105.8406,29.37,64,100,13.8
412,Gedo,ET,2022-04-15 23:10:54,9.0167,37.45,56.73,84,100,1.77
413,Chegdomyn,RU,2022-04-15 23:10:54,51.1167,133.0167,35.49,85,100,3.94
414,Labuhan,ID,2022-04-15 23:11:55,-6.8844,112.2051,77.45,87,92,5.06
415,Pisco,PE,2022-04-15 23:11:55,-13.7,-76.2167,68.02,82,0,23.02
416,Abalak,RU,2022-04-15 23:11:55,58.1286,68.5944,48.2,82,90,7.65
417,Khandyga,RU,2022-04-15 23:11:55,62.6667,135.6,13.86,79,21,3.47
418,Bella Union,UY,2022-04-15 23:11:56,-30.2752,-57.6007,56.68,69,0,5.32
419,Bubaque,GW,2022-04-15 23:11:56,11.2833,-15.8333,74.62,73,6,19.13
420,Marsa Matruh,EG,2022-04-15 23:11:56,31.3525,27.2453,60.82,74,79,11.92
421,Kamina,CD,2022-04-15 23:11:57,-8.7386,24.9906,64.51,98,100,3.02
422,Borzna,UA,2022-04-15 23:11:57,51.2546,32.4269,51.33,89,100,13.06
423,Salisbury,GB,2022-04-15 23:09:07,51.0693,-1.7957,51.46,83,0,4.25
424,Ipixuna,BR,2022-04-15 23:11:57,-1.7625,-48.8043,74.59,96,99,3.06
425,Mawlamyine,MM,2022-04-15 23:11:58,16.4914,97.6256,80.29,78,19,4.76
426,Dovolnoye,RU,2022-04-15 23:11:58,54.4958,79.6671,45.52,60,11,8.9
427,Anadyr,RU,2022-04-15 23:11:58,64.75,177.4833,36.1,80,40,20.13
428,Mugur-Aksy,RU,2022-04-15 23:11:59,50.35,90.5,24.66,37,10,4.7
429,Lavrentiya,RU,2022-04-15 23:11:59,65.5833,-171.0,29.48,95,100,16.8
430,Huron,US,2022-04-15 23:11:59,41.1501,-82.5499,65.66,51,91,22.86
431,Galveston,US,2022-04-15 23:12:00,29.3669,-94.9669,83.01,84,100,11.5
432,Broome,US,2022-04-15 23:12:00,42.2506,-75.833,62.19,34,0,8.05
433,Buenaventura,CO,2022-04-15 23:10:01,3.8801,-77.0312,77.4,94,98,4.27
434,Colares,PT,2022-04-15 23:12:00,38.7992,-9.4469,60.8,72,14,15.01
435,Magistralnyy,RU,2022-04-15 23:12:01,56.1725,107.4458,33.21,94,100,1.01
436,Cranbrook,CA,2022-04-15 23:12:01,49.4999,-115.7688,37.13,40,91,7.02
437,Konstantinovka,RU,2022-04-15 23:12:01,49.6167,127.9833,38.23,58,92,15.57
438,Saint-Francois,FR,2022-04-15 23:12:02,46.4154,3.9054,54.68,76,0,3.44
439,Bemidji,US,2022-04-15 23:12:02,47.4736,-94.8803,21.9,74,100,24.16
440,Kirkland Lake,CA,2022-04-15 23:12:02,48.1446,-80.0377,32.2,76,100,9.57
441,Oskarshamn,SE,2022-04-15 23:12:03,57.2645,16.4484,33.75,83,3,6.53
442,Kahului,US,2022-04-15 23:12:03,20.8947,-156.47,82.42,68,40,26.46
443,Cherusti,RU,2022-04-15 23:12:04,55.5498,40.0107,40.48,92,100,8.88
444,Pangai,TO,2022-04-15 23:12:04,-19.8,-174.35,81.61,78,100,16.42
445,Saint Paul,US,2022-04-15 23:12:04,44.9444,-93.0933,33.87,54,75,17.27
446,Sharjah,AE,2022-04-15 23:11:50,25.3573,55.4033,85.98,39,0,3.44
447,Touros,BR,2022-04-15 23:12:05,-5.1989,-35.4608,80.22,81,33,9.91
448,Baoding,CN,2022-04-15 23:11:05,38.8511,115.4903,49.26,33,46,2.62
449,Plouzane,FR,2022-04-15 23:07:46,48.3833,-4.6167,48.52,100,100,5.75
450,Impfondo,CG,2022-04-15 23:12:05,1.6381,18.0667,71.06,93,96,1.95
451,Jucuaran,SV,2022-04-15 23:12:06,13.2539,-88.2478,79.36,58,86,6.53
452,Tateyama,JP,2022-04-15 23:12:06,34.9833,139.8667,52.11,82,100,20.29
453,Belinskiy,RU,2022-04-15 23:12:06,52.9647,43.4165,41.88,71,86,3.94
454,Zhuanghe,CN,2022-04-15 23:12:07,39.7008,122.9911,49.17,35,0,7.11
455,Horodnye,UA,2022-04-15 23:12:07,45.8908,28.8483,52.02,64,43,10.2
456,Hambantota,LK,2022-04-15 23:12:07,6.1241,81.1185,80.49,82,17,7.58
457,Rapid City,US,2022-04-15 23:10:35,44.0805,-103.231,33.46,51,100,20.71
458,Lucea,JM,2022-04-15 23:12:08,18.451,-78.1736,79.86,71,23,7.52
459,Stornoway,GB,2022-04-15 23:12:08,58.2093,-6.3865,50.94,93,75,0.0
460,Baliton,PH,2022-04-15 23:12:08,5.7436,125.2364,80.17,75,99,2.91
461,Chabahar,IR,2022-04-15 23:12:09,25.2919,60.643,80.44,72,47,5.5
462,Tezu,IN,2022-04-15 23:13:09,27.9167,96.1667,62.98,88,100,7.85
463,Port Hawkesbury,CA,2022-04-15 23:13:09,45.6169,-61.3485,40.91,98,100,11.5
464,Ugoofaaru,MV,2022-04-15 23:13:10,5.6667,73.0,84.0,74,48,10.58
465,Sibolga,ID,2022-04-15 23:13:10,1.7427,98.7792,78.19,86,100,1.92
466,Huancavelica,PE,2022-04-15 23:13:10,-12.7667,-74.9833,40.17,81,74,2.39
467,Finschhafen,PG,2022-04-15 23:13:11,-6.6024,147.8681,83.62,71,83,5.93
468,Buta,CD,2022-04-15 23:13:11,2.7858,24.73,70.34,99,100,0.94
469,Ngunguru,NZ,2022-04-15 23:13:11,-35.6167,174.5,63.81,74,95,4.94
470,Poddorye,RU,2022-04-15 23:13:12,57.4695,31.1156,34.09,91,87,8.57
471,Norman Wells,CA,2022-04-15 23:13:12,65.282,-126.8329,13.73,71,100,5.32
472,Acajutla,SV,2022-04-15 23:13:12,13.5928,-89.8275,85.98,64,52,9.75
473,Ancud,CL,2022-04-15 23:13:13,-41.8697,-73.8203,56.23,86,43,4.94
474,Bayana,IN,2022-04-15 23:13:13,26.9,77.2833,80.33,14,30,3.09
475,Sistranda,NO,2022-04-15 23:13:13,63.7256,8.834,42.76,87,89,11.52
476,Marsh Harbour,BS,2022-04-15 23:13:14,26.5412,-77.0636,71.38,84,100,19.22
477,Sioux Lookout,CA,2022-04-15 23:13:14,50.1001,-91.917,23.5,90,100,10.92
478,Yanam,IN,2022-04-15 23:13:14,16.7333,82.2167,77.45,97,37,3.29
479,Mehamn,NO,2022-04-15 23:13:14,71.0357,27.8492,35.89,98,100,24.32
480,Calvinia,ZA,2022-04-15 23:13:15,-31.4707,19.776,49.8,64,40,21.77
481,Okha,RU,2022-04-15 23:08:36,53.5739,142.9478,29.44,78,53,11.79
482,Jimenez,MX,2022-04-15 23:13:15,28.3333,-105.4,91.33,5,19,3.09
483,Atraulia,IN,2022-04-15 23:13:15,26.3333,82.95,82.27,14,30,3.98
484,Tulum,MX,2022-04-15 23:11:30,20.2167,-87.4667,82.2,65,27,7.02
485,Aripuana,BR,2022-04-15 23:13:16,-9.1667,-60.6333,74.53,98,93,0.87
486,Belaya Gora,RU,2022-04-15 23:13:16,68.5333,146.4167,11.89,87,97,3.78
487,Leningradskaya,RU,2022-04-15 23:13:17,46.3214,39.3877,44.33,97,43,6.55
488,Kumluca,TR,2022-04-15 23:13:17,36.3703,30.2869,62.42,47,8,1.83
489,Ocampo,MX,2022-04-15 23:13:17,21.65,-101.5,79.25,12,93,9.89
490,Migori,KE,2022-04-15 23:13:18,-1.0634,34.4731,64.08,88,100,2.66
491,Musoma,TZ,2022-04-15 23:13:18,-1.5,33.8,71.04,77,98,2.82
492,Hualmay,PE,2022-04-15 23:13:18,-11.0964,-77.6139,68.13,81,28,13.13
493,Megion,RU,2022-04-15 23:13:19,61.0296,76.1136,46.42,83,100,12.12
494,Nemuro,JP,2022-04-15 23:13:19,43.3236,145.575,33.89,87,100,20.18
495,Ariquemes,BR,2022-04-15 23:13:19,-9.9133,-63.0408,75.27,94,87,2.55
496,Kysyl-Syr,RU,2022-04-15 23:13:20,63.8986,122.7617,15.85,92,100,7.09
497,Never,FR,2022-04-15 23:13:20,46.9896,3.159,56.95,77,9,5.23
498,Bathsheba,BB,2022-04-15 23:13:20,13.2167,-59.5167,79.41,78,40,17.27
499,Karasjok,NO,2022-04-15 23:13:20,69.4719,25.5112,21.76,88,97,4.0
500,Seydi,TM,2022-04-15 23:09:12,39.4816,62.9137,72.75,38,100,15.84
501,Hearst,CA,2022-04-15 23:13:21,49.6835,-83.6665,31.28,88,100,9.24
502,Hasaki,JP,2022-04-15 23:13:21,35.7333,140.8333,50.29,85,100,33.26
503,Gotsu,JP,2022-04-15 23:13:22,35.0,132.2167,51.12,63,64,14.97
504,Natal,BR,2022-04-15 23:10:33,-5.795,-35.2094,83.05,74,40,11.5
505,Upernavik,GL,2022-04-15 23:13:22,72.7868,-56.1549,-11.33,98,9,8.72
506,Puri,IN,2022-04-15 23:13:22,19.8,85.85,79.32,87,64,18.86
507,Chowchilla,US,2022-04-15 23:13:23,37.123,-120.2602,74.88,35,0,5.75
508,Dingle,PH,2022-04-15 23:13:23,10.9995,122.6711,78.37,84,87,2.95
509,Celestun,MX,2022-04-15 23:13:23,20.8667,-90.4,81.66,77,19,18.81
510,Honningsvag,NO,2022-04-15 23:13:23,70.9821,25.9704,38.95,81,100,18.41
511,Dolores,AR,2022-04-15 23:14:24,-36.3132,-57.6792,52.92,87,0,8.5
512,Westerland,DE,2022-04-15 23:14:24,54.9079,8.3033,44.62,87,100,10.36
513,Dobre Miasto,PL,2022-04-15 23:14:24,53.9867,20.3975,39.18,68,96,14.58
514,Odweyne,SO,2022-04-15 23:14:25,9.4092,45.064,77.38,51,89,11.45
515,Boyabat,TR,2022-04-15 23:14:25,41.4689,34.7667,46.74,84,1,1.01
516,Tigil,RU,2022-04-15 23:14:25,57.8,158.6667,27.64,89,100,12.71
517,Kavieng,PG,2022-04-15 23:14:26,-2.5744,150.7967,83.37,75,56,10.65
518,Palana,RU,2022-04-15 23:14:26,59.1167,159.9667,23.38,87,98,13.58
519,San Lorenzo,PY,2022-04-15 23:12:50,-25.3333,-57.5333,63.54,68,0,2.3
520,Namatanai,PG,2022-04-15 23:14:26,-3.6667,152.4333,83.23,73,39,5.39
521,Lebedyn,UA,2022-04-15 23:14:27,50.5852,34.4849,51.1,67,100,12.1
522,Gayny,RU,2022-04-15 23:14:27,60.3071,54.3241,25.92,93,100,9.06
523,Kloulklubed,PW,2022-04-15 23:14:27,7.0419,134.2556,81.1,77,72,6.82
524,Khasan,RU,2022-04-15 23:14:28,42.4308,130.6434,46.45,47,1,4.29
525,Ginir,ET,2022-04-15 23:14:28,7.1333,40.7,60.96,81,100,4.97
526,Cedral,MX,2022-04-15 23:09:55,23.8,-100.7333,89.17,8,90,10.2
527,Raudeberg,NO,2022-04-15 23:14:28,61.9875,5.1352,45.86,74,76,11.56
528,Muisne,EC,2022-04-15 23:14:29,0.6,-80.0333,76.84,86,96,7.99
529,Mayo,US,2022-04-15 23:14:29,38.8876,-76.5119,69.21,36,0,17.0
530,Port-Gentil,GA,2022-04-15 23:14:29,-0.7193,8.7815,80.31,82,36,3.33
531,Grand Gaube,MU,2022-04-15 23:14:30,-20.0064,57.6608,76.37,85,24,10.0
532,Okhotsk,RU,2022-04-15 23:14:30,59.3833,143.3,18.68,80,47,6.82
533,Teahupoo,PF,2022-04-15 23:14:30,-17.8333,-149.2667,82.36,71,17,17.52
534,Ayagoz,KZ,2022-04-15 23:14:31,47.9714,80.4392,39.88,29,0,7.49
535,Kiruna,SE,2022-04-15 23:14:31,67.8557,20.2251,20.32,79,20,8.05
536,Emerald,AU,2022-04-15 23:14:21,-23.5333,148.1667,72.34,58,0,8.3
537,Bindura,ZW,2022-04-15 23:14:31,-17.3019,31.3306,65.97,83,47,1.9
538,Grootfontein,NA,2022-04-15 23:14:32,-19.5667,18.1167,63.0,73,27,5.32
539,Coihaique,CL,2022-04-15 23:14:32,-45.5752,-72.0662,54.21,87,40,3.44
540,Alofi,NU,2022-04-15 23:14:32,-19.0595,-169.9187,81.32,76,49,7.65
541,Ahipara,NZ,2022-04-15 23:14:33,-35.1667,173.1667,66.7,58,99,5.3
542,Shimoda,JP,2022-04-15 23:14:33,34.6667,138.95,47.1,89,100,15.39
543,Assiniboia,CA,2022-04-15 23:14:33,49.6334,-105.9845,20.37,83,100,7.67
544,San Juan Bautista,PE,2022-04-15 23:14:33,-14.0108,-75.7358,76.51,49,29,6.71
545,Muttupet,IN,2022-04-15 23:14:34,10.4,79.4833,84.36,77,42,13.49
546,Dongying,CN,2022-04-15 23:14:34,37.4564,118.4856,49.53,27,84,6.98
547,Bereda,ES,2022-04-15 23:14:34,43.2686,-7.5406,54.41,100,7,1.07
548,Buraydah,SA,2022-04-15 23:09:47,26.326,43.975,76.23,41,47,15.35
549,Comodoro Rivadavia,AR,2022-04-15 23:11:50,-45.8667,-67.5,67.86,37,0,23.02
550,Turukhansk,RU,2022-04-15 23:14:35,65.8167,87.9833,32.59,100,100,4.72
551,Hami,CN,2022-04-15 23:14:35,42.8,93.45,42.1,45,67,8.5
552,Villarrica,PY,2022-04-15 23:14:36,-25.75,-56.4333,57.0,86,0,5.1
553,Ikwiriri,TZ,2022-04-15 23:14:36,-7.9562,38.9716,72.5,99,100,2.51
554,Bumba,CD,2022-04-15 23:14:36,2.1833,22.4667,71.69,93,96,1.83
555,Esil,KZ,2022-04-15 23:14:37,51.9556,66.4042,53.02,64,100,10.6
556,Manakara,MG,2022-04-15 23:14:37,-22.1333,48.0167,75.0,90,98,5.21
557,Gusau,NG,2022-04-15 23:14:37,12.1628,6.6614,84.25,48,86,3.67
558,Vestmanna,FO,2022-04-15 23:15:38,62.1564,-7.1664,45.52,93,100,10.36
559,Urumqi,CN,2022-04-15 23:15:38,43.801,87.6005,38.35,20,0,4.47
560,Wad Rawah,SD,2022-04-15 23:15:38,15.1603,33.1397,89.56,8,2,14.2
561,Eha Amufu,NG,2022-04-15 23:15:38,6.6592,7.7596,80.4,76,75,5.84
562,Kamenka,RU,2022-04-15 23:15:39,51.3223,42.7678,44.64,71,92,5.79
563,Pocinhos,BR,2022-04-15 23:15:39,-7.0767,-36.0611,75.49,83,34,11.36
